,Source,ddof1,H,p-unc
0,Optimization,2,15.0217742709427,0.0005470955255188997
1,Model,3,337.2803484783071,8.466822193150107e-73
2,Combination,11,352.7425781896051,6.370159274621986e-69
