,Source,ddof1,H,p-unc
0,Optimization,3,170.50461625086632,9.902075161581488e-37
1,Model,3,242.4622453222455,2.7927672853651268e-52
2,Combination,15,472.2621379071379,4.1210864729641344e-91
