,Source,ddof1,H,p-unc
0,Optimization,2,3.00345914430717,0.22274457398248068
1,Model,3,208.56947654418028,5.933986307479277e-45
2,Combination,11,246.87582373127628,1.2596511174085868e-46
