,Source,ddof1,H,p-unc
0,Optimization,2,14.995635616039008,0.0005542926242666602
1,Model,3,337.2506631007484,8.593053918442663e-73
2,Combination,11,352.326948966811,7.800315851815105e-69
