,Source,ddof1,H,p-unc
0,Optimization,2,5.480834914527528,0.06454339715840682
1,Model,3,301.0838363947527,5.796885637412692e-65
2,Combination,11,310.5080686563691,5.340168664686231e-60
