,Source,ddof1,H,p-unc
0,Optimization,2,0.57083291324534,0.7517011382069938
1,Model,3,206.49587046029114,1.665234129452006e-44
2,Combination,11,211.0389430626958,3.7875261054380337e-39
