,Source,ddof1,H,p-unc
0,Optimization,2,2.671552785472386,0.2629539406536025
1,Model,3,204.3900851544065,4.748280404135027e-44
2,Combination,11,212.14512157586955,2.229821936374201e-39
