,Source,ddof1,H,p-unc
0,Optimization,3,288.3973284823287,3.226633470676193e-62
1,Model,3,155.54939795564815,1.6730818835900933e-33
2,Combination,15,473.9098510048509,1.8492897413199145e-91
