,Source,ddof1,H,p-unc
0,Optimization,2,15.086916395316923,0.0005295631176540622
1,Model,3,336.84437324288723,1.0522332970052514e-72
2,Combination,11,352.3548521849066,7.694970535670959e-69
