,Source,ddof1,H,p-unc
0,Optimization,2,7.506604535692132,0.023440212049214097
1,Model,3,238.8883307112135,1.655397600061825e-51
2,Combination,11,293.4502747342369,2.0985968166572794e-56
