,Source,ddof1,H,p-unc
0,Optimization,2,7.205750434562801,0.027245273641045488
1,Model,3,330.2604980716123,2.8023444175189262e-71
2,Combination,11,339.47332137087585,4.083542764686988e-66
