,Source,ddof1,H,p-unc
0,Optimization,2,0.6413127116036321,0.7256725813195785
1,Model,3,264.7812516671795,4.154286368145164e-57
2,Combination,11,276.7835210834103,6.723731578971677e-53
