,Source,ddof1,H,p-unc
0,Optimization,2,10.059891644723088,0.006539164837460676
1,Model,3,329.79063102915126,3.541967241056258e-71
2,Combination,11,340.4343339118318,2.557688055772188e-66
