,Source,ddof1,H,p-unc
0,Optimization,2,3.8835149276701486,0.14345161708075382
1,Model,3,218.51145172873703,4.212038674899474e-47
2,Combination,11,260.56156355801795,1.7101127695412468e-49
