,Source,ddof1,H,p-unc
0,Optimization,2,1.179604493690249,0.5544369155434588
1,Model,3,205.19524161280378,3.180858623247562e-44
2,Combination,11,209.93370883348734,6.429720607178784e-39
