,Source,ddof1,H,p-unc
0,Optimization,3,264.1336165973669,5.735889806035085e-57
1,Model,3,162.01176975051976,6.744671289126538e-35
2,Combination,15,456.20500693000713,1.0105374110690435e-87
