,Source,ddof1,H,p-unc
0,Optimization,2,5.54427208371817,0.06252829892849515
1,Model,3,213.7039848158406,4.609287923396345e-46
2,Combination,11,244.27066174207425,4.419708810761108e-46
