,Source,ddof1,H,p-unc
0,Optimization,2,7.755683287165311,0.02069544515835157
1,Model,3,316.2950713039909,2.956315823895537e-68
2,Combination,11,328.0815204678363,1.0433584774180852e-63
