,Source,ddof1,H,p-unc
0,Optimization,2,1.3743045780923293,0.5030064484189591
1,Model,3,202.2657713692911,1.3664020790503085e-43
2,Combination,11,213.7530222566472,1.032128137227762e-39
