,Source,ddof1,H,p-unc
0,Optimization,3,254.41231115731102,7.269002003896474e-55
1,Model,3,178.3012612612613,2.0526074218610892e-38
2,Combination,15,472.86900900900923,3.067897926060527e-91
