,Source,ddof1,H,p-unc
0,Optimization,2,11.163943250361344,0.0037651347613609863
1,Model,3,329.2418433098281,4.656427119792409e-71
2,Combination,11,341.4593785472301,1.5527538108248936e-66
