,Source,ddof1,H,p-unc
0,Optimization,2,4.164092563826281,0.1246748311448837
1,Model,3,241.50847673402092,4.49049359805945e-52
2,Combination,11,282.8597593679681,3.5506057082829546e-54
