,Source,ddof1,H,p-unc
0,Optimization,3,266.6408134095634,1.6451523206167575e-57
1,Model,3,167.48439795564786,4.4434728632736054e-36
2,Combination,15,454.0426507276509,2.8890171059118556e-87
