,Source,ddof1,H,p-unc
0,Optimization,3,274.482733021483,3.308286276524111e-59
1,Model,3,158.12823544698563,4.645747586781393e-34
2,Combination,15,455.18290367290365,1.6603358891698295e-87
