,Source,ddof1,H,p-unc
0,Optimization,3,284.15421604296625,2.6725970441498324e-61
1,Model,3,153.37078395703406,4.938252332588882e-33
2,Combination,15,464.9533506583509,1.4396499990098256e-89
