,Source,ddof1,H,p-unc
0,Optimization,2,0.6834525534586646,0.7105426701567281
1,Model,3,205.71486190549626,2.456145982702086e-44
2,Combination,11,212.38817323104195,1.9847616918801075e-39
