,Source,ddof1,H,p-unc
0,Optimization,2,2.0224628162756866,0.36377075338744674
1,Model,3,310.4177858013898,5.532736621179131e-67
2,Combination,11,324.7275627454847,5.33064024670285e-63
