,Source,ddof1,H,p-unc
0,Optimization,2,4.13240388670192,0.126665953735328
1,Model,3,310.5780612580482,5.107965993485318e-67
2,Combination,11,317.6479031472393,1.664566464234255e-61
