,Source,ddof1,H,p-unc
0,Optimization,3,288.45743589743597,3.131427905612454e-62
1,Model,3,160.67152546777538,1.3128323439844005e-34
2,Combination,15,474.4681046431049,1.4095834797077413e-91
