,Source,ddof1,H,p-unc
0,Optimization,2,12.743428671555906,0.0017092265242832055
1,Model,3,336.7146624644933,1.1225229686668171e-72
2,Combination,11,349.8197618668381,2.646456354590602e-68
