,Source,ddof1,H,p-unc
0,Optimization,2,15.04030823322772,0.0005420490206483147
1,Model,3,337.1349704410627,9.103236219029212e-73
2,Combination,11,352.2843500073941,7.96393100292792e-69
