,Source,ddof1,H,p-unc
0,Optimization,2,0.16423991253327586,0.9211614529796843
1,Model,3,200.03970316753748,4.1360285730867555e-43
2,Combination,11,209.5631123032913,7.677976863929921e-39
