,Source,ddof1,H,p-unc
0,Optimization,2,0.8681708634817369,0.6478569055777876
1,Model,3,203.39208257630412,7.801843766769605e-44
2,Combination,11,213.98869579810366,9.219146280405536e-40
