,Source,ddof1,H,p-unc
0,Optimization,2,10.387120380372995,0.005552204681534818
1,Model,3,332.1523438328108,1.0913029900515747e-71
2,Combination,11,343.3351158683104,6.229228717896679e-67
