,Source,ddof1,H,p-unc
0,Optimization,2,9.61824715297007,0.008155003803689621
1,Model,3,255.51113778598528,4.205292590443595e-55
2,Combination,11,272.0479778393351,6.644227983628827e-52
