,Source,ddof1,H,p-unc
0,Optimization,2,5.114153250771759,0.07753106180894961
1,Model,3,298.8360995620865,1.776921064643675e-64
2,Combination,11,308.5681911850574,1.3697036655966819e-59
