,Source,ddof1,H,p-unc
0,Optimization,2,6.527291741881505,0.038248693699464785
1,Model,3,331.4718637515648,1.5320292319075867e-71
2,Combination,11,341.016908697665,1.9260372611377863e-66
