,Source,ddof1,H,p-unc
0,Optimization,2,2.523790092668463,0.2831169979843365
1,Model,3,299.26772275986116,1.4330247253296617e-64
2,Combination,11,305.42401982148795,6.302189058217618e-59
