,Source,ddof1,H,p-unc
0,Optimization,2,20.098256022111975,4.3223422979294056e-05
1,Model,3,329.55064362503254,3.992087194032288e-71
2,Combination,11,350.6608392682489,1.7566817670194467e-68
