,Source,ddof1,H,p-unc
0,Optimization,3,288.3846985446987,3.2470034200806775e-62
1,Model,3,160.7170564795565,1.283462277437037e-34
2,Combination,15,474.13593901593913,1.656727910135765e-91
