,Source,ddof1,H,p-unc
0,Optimization,2,0.08278048155975115,0.9594546385552398
1,Model,3,257.4557692332149,1.5964619426644381e-55
2,Combination,11,265.4813129964111,1.5885017549509317e-50
