,sum_sq,df,F,PR(>F)
C(Model),21075641753.318073,3.0,3441.2164662684895,1.0518552393741928e-257
C(Optimization),14573101.190061899,2.0,3.56922909158455,0.029216782395385325
C(Model):C(Optimization),66588758.14515408,6.0,5.4362835941021395,2.1708393407931767e-05
Residual,708397525.5153062,347.0,,
