,Source,ddof1,H,p-unc
0,Optimization,2,1.4516112650044306,0.48393453847270307
1,Model,3,211.4380445265208,1.42358451028155e-45
2,Combination,11,217.17119113573403,2.0053860219068075e-40
