,Source,ddof1,H,p-unc
0,Optimization,3,288.38388860013856,3.2483141025189364e-62
1,Model,3,154.3659043659045,3.0121187556862987e-33
2,Combination,15,474.4098163548165,1.4501155730235328e-91
