,Source,ddof1,H,p-unc
0,Optimization,2,4.766331407049307,0.09225805308800626
1,Model,3,213.86508752190562,4.254151542648633e-46
2,Combination,11,233.66571949274115,7.28157965870161e-44
