,Source,ddof1,H,p-unc
0,Optimization,2,9.635349171237522,0.008085567589625121
1,Model,3,312.61328897142243,1.852308108422543e-67
2,Combination,11,328.3756948313214,9.042637548448735e-64
