,Source,ddof1,H,p-unc
0,Optimization,3,275.4364656964656,2.057076526536879e-59
1,Model,3,159.46558645183654,2.3903400851261368e-34
2,Combination,15,463.86435550935585,2.444211629247898e-89
