,Source,ddof1,H,p-unc
0,Optimization,2,15.018050633026624,0.0005481150671466252
1,Model,3,337.31964726380426,8.30255894795187e-73
2,Combination,11,352.4518498268448,7.339711932832177e-69
