,Source,ddof1,H,p-unc
0,Optimization,2,0.6639619405070789,0.7175009765861988
1,Model,3,198.9600873901329,7.0771044570663606e-43
2,Combination,11,204.15780683325056,1.019600084082419e-37
