,Source,ddof1,H,p-unc
0,Optimization,2,15.09168408020878,0.0005283022260969127
1,Model,3,337.72486246065256,6.783905234243414e-73
2,Combination,11,353.66483356576464,4.064047237822376e-69
