,Source,ddof1,H,p-unc
0,Optimization,2,4.740324567004911,0.09346555712927059
1,Model,3,303.98337772444586,1.3665795146776953e-65
2,Combination,11,311.9289471638797,2.678424569063689e-60
