,Source,ddof1,H,p-unc
0,Optimization,2,3.5918574946135777,0.16597323354911414
1,Model,3,290.55195034369535,1.1027693068189728e-62
2,Combination,11,296.8316589719914,4.072931451192706e-57
