,Source,ddof1,H,p-unc
0,Optimization,2,15.29482881004371,0.0004772765789532129
1,Model,3,337.3531280098832,8.165130709095872e-73
2,Combination,11,353.5378132341019,4.323573614129324e-69
