,Source,ddof1,H,p-unc
0,Optimization,3,288.3871240471242,3.243081544081703e-62
1,Model,3,154.3659043659045,3.0121187556862987e-33
2,Combination,15,474.3377685377686,1.5018297381690161e-91
