,Source,ddof1,H,p-unc
0,Optimization,3,276.50124826749834,1.210229329268062e-59
1,Model,3,159.7385195772697,2.0871794570381573e-34
2,Combination,15,459.5905613305613,1.950596652532394e-88
