,Source,ddof1,H,p-unc
0,Optimization,2,2.027683902739227,0.36282235256855216
1,Model,3,218.71335385246743,3.809330026862852e-47
2,Combination,11,244.64270236996003,3.694498845010963e-46
