,Source,ddof1,H,p-unc
0,Optimization,2,14.992171923266842,0.0005552534056675893
1,Model,3,337.3216472256235,8.294285140956137e-73
2,Combination,11,352.4253990419111,7.434930285770855e-69
