,Source,ddof1,H,p-unc
0,Optimization,3,242.919566008316,2.22399946844785e-52
1,Model,3,174.47023215523222,1.3789208962673596e-37
2,Combination,15,436.7503672903672,1.2782394044940718e-83
