,Source,ddof1,H,p-unc
0,Optimization,2,2.6819132411745734,0.26159530139536497
1,Model,3,226.60968749883438,7.47850595333126e-49
2,Combination,11,254.60898934520964,3.025537438176043e-48
