,Source,ddof1,H,p-unc
0,Optimization,2,4.84387104459888,0.08874967413963472
1,Model,3,205.14779082271886,3.2568551012399225e-44
2,Combination,11,213.9534593399802,9.376126290185167e-40
