,Source,ddof1,H,p-unc
0,Optimization,3,288.46844161469176,3.1143024274854878e-62
1,Model,3,154.3659043659045,3.0121187556862987e-33
2,Combination,15,474.4792827442827,1.4019409664079654e-91
