,Source,ddof1,H,p-unc
0,Optimization,2,14.989257815671165,0.0005560630294405399
1,Model,3,337.25705175241296,8.565729351919988e-73
2,Combination,11,352.67587975029824,6.580611156921595e-69
