,Source,ddof1,H,p-unc
0,Optimization,2,8.586262442452183,0.013662079259590459
1,Model,3,337.7479623374584,6.706230289895202e-73
2,Combination,11,349.16952510485515,3.6328454741579472e-68
