,Source,ddof1,H,p-unc
0,Optimization,2,4.967887042166922,0.08341363272182736
1,Model,3,244.20703806299366,1.17139186351212e-52
2,Combination,11,254.04670975684826,3.9683861322037745e-48
