,Source,ddof1,H,p-unc
0,Optimization,3,170.64977477477487,9.212724943639309e-37
1,Model,3,242.03744369369383,3.450655259728948e-52
2,Combination,15,472.222501732502,4.2012904192722243e-91
