,Source,ddof1,H,p-unc
0,Optimization,3,288.38510395010394,3.246347576574688e-62
1,Model,3,153.15594681219682,5.4944481669496796e-33
2,Combination,15,473.60281011781035,2.1471203407377021e-91
