,Source,ddof1,H,p-unc
0,Optimization,3,243.73979729729763,1.4782563351012778e-52
1,Model,3,169.70889119889148,1.4706579760781089e-36
2,Combination,15,436.70836105336116,1.3045582961267486e-83
