,Source,ddof1,H,p-unc
0,Optimization,2,1.545100664905931,0.4618337355415022
1,Model,3,204.34311897701855,4.860551081193335e-44
2,Combination,11,209.27558665153583,8.811000249520718e-39
