,Source,ddof1,H,p-unc
0,Optimization,3,288.2226637214137,3.5200347909825293e-62
1,Model,3,160.3160256410256,1.5664984499577932e-34
2,Combination,15,473.76404712404724,1.9851849383288446e-91
