,Source,ddof1,H,p-unc
0,Optimization,3,204.56543399168413,4.3515528244295804e-44
1,Model,3,206.16808645183664,1.9602480344352136e-44
2,Combination,15,452.2555613305615,6.882226972967237e-87
