,Source,ddof1,H,p-unc
0,Optimization,2,6.372693687480311,0.04132255328261339
1,Model,3,337.5669091534314,7.33969326716377e-73
2,Combination,11,349.4665239494962,3.143448951514374e-68
