,Source,ddof1,H,p-unc
0,Optimization,2,4.993497854037492,0.08235229721326837
1,Model,3,308.5890121377182,1.3765065893172008e-66
2,Combination,11,317.0527387715829,2.222786383378101e-61
