,Source,ddof1,H,p-unc
0,Optimization,3,288.39625866250867,3.2283539438318988e-62
1,Model,3,160.71214483714493,1.2865986848203265e-34
2,Combination,15,474.294923769924,1.5334528467624615e-91
