,Source,ddof1,H,p-unc
0,Optimization,2,0.49734578572001,0.77983502127191
1,Model,3,204.55590555115657,4.372233195189809e-44
2,Combination,11,212.70110922509375,1.7084602715440247e-39
