,Source,ddof1,H,p-unc
0,Optimization,2,14.852490150227364,0.0005954190735092139
1,Model,3,337.03259458859407,9.579897982073964e-73
2,Combination,11,352.02508040407184,9.036424142493551e-69
