,Source,ddof1,H,p-unc
0,Optimization,2,2.3527673078023277,0.3083919765824022
1,Model,3,301.7441652027132,4.17137033289524e-65
2,Combination,11,308.87244969385677,1.181601743401556e-59
