,Source,ddof1,H,p-unc
0,Optimization,2,10.04576638965841,0.006585511996789722
1,Model,3,317.7238124551143,1.4503612317060672e-68
2,Combination,11,333.24603262542314,8.458844640215358e-65
