,Source,ddof1,H,p-unc
0,Optimization,2,1.2685089350621979,0.5303307197411553
1,Model,3,204.3177609632311,4.922267885899237e-44
2,Combination,11,211.29202471024192,3.3552061040105725e-39
