,Source,ddof1,H,p-unc
0,Optimization,3,248.64736573111577,1.2834494432407566e-53
1,Model,3,169.80489171864178,1.4021252600680168e-36
2,Combination,15,438.9636729036729,4.3671883944832515e-84
