,Source,ddof1,H,p-unc
0,Optimization,3,288.40687456687465,3.2113220908086533e-62
1,Model,3,154.73184338184342,2.5114068449417855e-33
2,Combination,15,472.9813444213444,2.904793249132731e-91
