,Source,ddof1,H,p-unc
0,Optimization,3,288.4033272695774,3.217003253655865e-62
1,Model,3,154.3659043659045,3.0121187556862987e-33
2,Combination,15,474.3873284823287,1.466062741011291e-91
