,Source,ddof1,H,p-unc
0,Optimization,2,15.027392283838195,0.0005455608870739174
1,Model,3,337.64486542701894,7.059919804740648e-73
2,Combination,11,353.03025197070554,5.536900722244069e-69
