,Source,ddof1,H,p-unc
0,Optimization,2,8.40458140734518,0.014961265710878278
1,Model,3,317.38715084180456,1.7153492112208123e-68
2,Combination,11,327.3059767772824,1.521402520485569e-63
