,Source,ddof1,H,p-unc
0,Optimization,2,5.0481578947367325,0.08013208467507757
1,Model,3,266.4201682568996,1.83628535624801e-57
2,Combination,11,277.95781471221926,3.809157915304789e-53
